MP CODE,DATE FABRICATION,BESOIN (KG),Matiere_OF,NB PESEE,DATE_48h_avant
C27050,2024-03-05,7.14,['C270500000455000'],1,2024-03-01
C26300,2024-03-05,1575.398,"['C263000000455120', 'C263000000455119']",2,2024-03-01
C25630,2024-03-05,0.4692,"['C256300000455116', 'C256300000455117']",2,2024-03-01
C25450,2024-03-05,26.664,"['C254500000455120', 'C254500000455119']",2,2024-03-01
C25000,2024-03-05,8.98184,"['C250000000455116', 'C250000000455120', 'C250000000455117', 'C250000000455119']",4,2024-03-01
C21055,2024-03-05,22.44,['C210550000455093'],1,2024-03-01
C21660,2024-03-05,1.8768,"['C216600000455116', 'C216600000455117']",2,2024-03-01
C21700,2024-03-05,26.664,"['C217000000455120', 'C217000000455119']",2,2024-03-01
C20720,2024-03-05,0.9384,"['C207200000455116', 'C207200000455117']",2,2024-03-01
C25020,2024-03-05,7.65,['C250200000455093'],1,2024-03-01
C20745,2024-03-05,1.4076,"['C207450000455116', 'C207450000455117']",2,2024-03-01
C27850,2024-03-05,0.7497,['C278500000455000'],1,2024-03-01
C21005,2024-03-05,489.09,['C210050000455000'],1,2024-03-01
C28000,2024-03-05,266.64,"['C280000000455120', 'C280000000455119']",2,2024-03-01
C21900,2024-03-05,127.5,['C219000000455093'],1,2024-03-01
C21850,2024-03-05,0.4692,"['C218500000455116', 'C218500000455117']",2,2024-03-01
C22000,2024-03-05,4.444,"['C220000000455120', 'C220000000455119']",2,2024-03-01
C28840,2024-03-05,0.0061200000000000004,['C288400000453897'],1,2024-03-01
C25300,2024-03-05,10.365,"['C253000000455120', 'C253000000455182', 'C253000000455093', 'C253000000455000', 'C253000000455119']",5,2024-03-01
C29106,2024-03-05,9.8532,"['C291060000455116', 'C291060000455117']",2,2024-03-01
C29010,2024-03-05,2.81588,['C290100000455182'],1,2024-03-01
C23550,2024-03-05,186.41520000000003,"['C235500000455116', 'C235500000455093', 'C235500000455117', 'C235500000455000']",4,2024-03-01
C23200,2024-03-05,7.3659300000000005,"['C232000000455120', 'C232000000455119']",2,2024-03-01
C23150,2024-03-05,5.0492,"['C231500000455116', 'C231500000455182', 'C231500000455117', 'C231500000455000']",4,2024-03-01
C27300,2024-03-05,4.49092,"['C273000000455120', 'C273000000455116', 'C273000000455117', 'C273000000455119']",4,2024-03-01
C21423,2024-03-05,8.16,['C214230000455182'],1,2024-03-01
C21460,2024-03-05,28.56,['C214600000455000'],1,2024-03-01
C20500,2024-03-05,71.4,['C205000000455000'],1,2024-03-01
C23050,2024-03-05,1.785,['C230500000455000'],1,2024-03-01
C27020,2024-03-07,11.655000000000001,"['C270200000456221', 'C270200000455118', 'C270200000455111']",3,2024-03-05
C22780,2024-03-07,131.3,['C227800000455111'],1,2024-03-05
C23150,2024-03-07,8.14,"['C231500000456221', 'C231500000454919', 'C231500000455111']",3,2024-03-05
C27350,2024-03-07,341.3,"['C273500000456221', 'C273500000455118', 'C273500000454919']",3,2024-03-05
C21005,2024-03-07,407.9592,['C210050000454919'],1,2024-03-05
C20543,2024-03-07,2.02,"['C205430000456221', 'C205430000455111']",2,2024-03-05
C27050,2024-03-11,11.11,"['C270500000454930', 'C270500000454873', 'C270500000455036']",3,2024-03-07
C21525,2024-03-11,19.695,['C215250000455100'],1,2024-03-07
C25630,2024-03-11,20.2,['C256300000456419'],1,2024-03-07
C21460,2024-03-11,36.64,"['C214600000454930', 'C214600000454873']",2,2024-03-07
C21020,2024-03-11,141.4,['C210200000455108'],1,2024-03-07
C27850,2024-03-11,0.9581999999999999,"['C278500000454930', 'C278500000454873']",2,2024-03-07
C24250,2024-03-11,40.4,['C242500000456419'],1,2024-03-07
C21990,2024-03-11,7.777,"['C219900000456419', 'C219900000455187']",2,2024-03-07
C28480,2024-03-11,0.6375,['C284800000455106'],1,2024-03-07
C22090,2024-03-11,1.515,['C220900000455187'],1,2024-03-07
C22260,2024-03-11,181.8,['C222600000455187'],1,2024-03-07
C25230,2024-03-11,78.78,['C252300000455187'],1,2024-03-07
C24267,2024-03-11,11.22,['C242670000456419'],1,2024-03-07
C20543,2024-03-11,5.05,"['C205430000455108', 'C205430000455036']",2,2024-03-07
C25000,2024-03-11,6.474,"['C250000000456419', 'C250000000455106', 'C250000000455100', 'C250000000455036']",4,2024-03-07
C22980,2024-03-11,5.05,['C229800000456419'],1,2024-03-07
C23550,2024-03-11,439.9,"['C235500000455108', 'C235500000456419', 'C235500000455106', 'C235500000454930', 'C235500000454873']",5,2024-03-07
C21005,2024-03-11,275.164,"['C210050000454930', 'C210050000454873']",2,2024-03-07
C28350,2024-03-11,25.25,['C283500000456419'],1,2024-03-07
C23050,2024-03-11,4.3275,"['C230500000455108', 'C230500000454930', 'C230500000454873']",3,2024-03-07
C20300,2024-03-11,161.6,['C203000000455108'],1,2024-03-07
C23300,2024-03-11,303.0,['C233000000455187'],1,2024-03-07
C25020,2024-03-11,22.725,['C250200000455100'],1,2024-03-07
C23150,2024-03-11,11.615,"['C231500000455108', 'C231500000456419', 'C231500000455100', 'C231500000454930', 'C231500000454873', 'C231500000455036']",6,2024-03-07
C20500,2024-03-11,91.25,"['C205000000454930', 'C205000000454873']",2,2024-03-07
C20500,2024-03-12,111.10000000000001,"['C205000000454997', 'C205000000454929', 'C205000000454913']",3,2024-03-08
C20543,2024-03-12,1.01,['C205430000455110'],1,2024-03-08
C25230,2024-03-12,157.56,"['C252300000455194', 'C252300000455193']",2,2024-03-08
C22260,2024-03-12,363.6,"['C222600000455194', 'C222600000455193']",2,2024-03-08
C25410,2024-03-12,1030.2,"['C254100000455194', 'C254100000455193']",2,2024-03-08
C21990,2024-03-12,14.544,"['C219900000455194', 'C219900000455193']",2,2024-03-08
C22095,2024-03-12,3.03,"['C220950000455194', 'C220950000455193']",2,2024-03-08
C21005,2024-03-12,134.6664,['C210050000454997'],1,2024-03-08
C27850,2024-03-12,1.1665999999999999,"['C278500000454997', 'C278500000454929', 'C278500000454913']",3,2024-03-08
C25300,2024-03-12,11.5355,"['C253000000454997', 'C253000000455092', 'C253000000454929', 'C253000000454913', 'C253000000455110']",5,2024-03-08
C25000,2024-03-12,2.02,['C250000000455110'],1,2024-03-08
C25020,2024-03-12,7.65,['C250200000455092'],1,2024-03-08
C27076,2024-03-12,121.2,"['C270760000455194', 'C270760000455193']",2,2024-03-08
C28200,2024-03-12,60.6,['C282000000455110'],1,2024-03-08
C21000,2024-03-12,370.3308,"['C210000000454929', 'C210000000454913']",2,2024-03-08
C21055,2024-03-12,22.44,['C210550000455092'],1,2024-03-08
C21900,2024-03-12,127.5,['C219000000455092'],1,2024-03-08
C24950,2024-03-12,35.35,['C249500000455110'],1,2024-03-08
C28100,2024-03-12,51.0,['C281000000455092'],1,2024-03-08
C24400,2024-03-13,0.408,['C244000000455091'],1,2024-03-11
C25630,2024-03-13,40.4,"['C256300000455103', 'C256300000455104']",2,2024-03-11
C24880,2024-03-13,3.06,['C248800000454871'],1,2024-03-11
C22260,2024-03-13,363.6,"['C222600000455192', 'C222600000455191']",2,2024-03-11
C25410,2024-03-13,1030.2,"['C254100000455192', 'C254100000455191']",2,2024-03-11
C24260,2024-03-13,22.44,"['C242600000455103', 'C242600000455104']",2,2024-03-11
C26490,2024-03-13,35.35,['C264900000455109'],1,2024-03-11
C24950,2024-03-13,35.35,['C249500000455109'],1,2024-03-11
C22780,2024-03-13,131.3,['C227800000455109'],1,2024-03-11
C21535,2024-03-13,4.04,"['C215350000455103', 'C215350000455104']",2,2024-03-11
C24250,2024-03-13,101.19999999999999,"['C242500000455091', 'C242500000455103', 'C242500000455104']",3,2024-03-11
C25000,2024-03-13,6.0600000000000005,"['C250000000455103', 'C250000000455109', 'C250000000455104']",3,2024-03-11
C24160,2024-03-13,10.2,['C241600000454871'],1,2024-03-11
C23551,2024-03-13,51.0,['C235510000454871'],1,2024-03-11
C22906,2024-03-13,13.668,['C229060000454871'],1,2024-03-11
C21990,2024-03-13,15.554,"['C219900000455103', 'C219900000455192', 'C219900000455104', 'C219900000455191']",4,2024-03-11
C23550,2024-03-13,396.7,"['C235500000455091', 'C235500000455103', 'C235500000455109', 'C235500000455104', 'C235500000454920']",5,2024-03-11
C27076,2024-03-13,121.2,"['C270760000455192', 'C270760000455191']",2,2024-03-11
C27020,2024-03-13,30.349999999999998,"['C270200000455103', 'C270200000454871', 'C270200000455109', 'C270200000455104']",4,2024-03-11
C28100,2024-03-13,51.0,['C281000000455091'],1,2024-03-11
C27300,2024-03-13,3.0300000000000002,"['C273000000455103', 'C273000000455109', 'C273000000455104']",3,2024-03-11
C21005,2024-03-13,407.9592,['C210050000454920'],1,2024-03-11
C20500,2024-03-13,122.4,['C205000000454920'],1,2024-03-11
C27860,2024-03-13,15.3,['C278600000454871'],1,2024-03-11
C28850,2024-03-13,2.04,['C288500000454871'],1,2024-03-11
C20710,2024-03-13,15.3,['C207100000454871'],1,2024-03-11
C20543,2024-03-13,1.01,['C205430000455109'],1,2024-03-11
C27850,2024-03-13,1.2852,['C278500000454920'],1,2024-03-11
C28000,2024-03-13,40.4,"['C280000000455103', 'C280000000455104']",2,2024-03-11
C28200,2024-03-13,60.6,['C282000000455109'],1,2024-03-11
C29999,2024-03-13,2.0,['C299990000454871'],1,2024-03-11
C27350,2024-03-13,285.2,"['C273500000455103', 'C273500000455104', 'C273500000454920']",3,2024-03-11
C21420,2024-03-13,4.545,['C214200000455109'],1,2024-03-11
C21415,2024-03-13,5.1,['C214150000454871'],1,2024-03-11
C28350,2024-03-13,50.5,"['C283500000455103', 'C283500000455104']",2,2024-03-11
C21055,2024-03-13,22.44,['C210550000455091'],1,2024-03-11
C21460,2024-03-13,48.96,['C214600000454920'],1,2024-03-11
C28100,2024-03-14,102.0,"['C281000000455090', 'C281000000455095']",2,2024-03-12
C21990,2024-03-14,14.544,"['C219900000455196', 'C219900000455195']",2,2024-03-12
C20300,2024-03-14,40.8,['C203000000455031'],1,2024-03-12
C25020,2024-03-14,15.3,"['C250200000455090', 'C250200000455095']",2,2024-03-12
C24400,2024-03-14,0.816,"['C244000000455090', 'C244000000455095']",2,2024-03-12
C22260,2024-03-14,363.6,"['C222600000455196', 'C222600000455195']",2,2024-03-12
C21005,2024-03-14,381.23760000000004,"['C210050000454999', 'C210050000454934']",2,2024-03-12
C21460,2024-03-14,36.72,"['C214600000454999', 'C214600000454934']",2,2024-03-12
C27050,2024-03-14,9.11,"['C270500000454999', 'C270500000454934']",2,2024-03-12
C20543,2024-03-14,3.06,['C205430000455031'],1,2024-03-12
C24250,2024-03-14,40.8,"['C242500000455090', 'C242500000455095']",2,2024-03-12
C21900,2024-03-14,255.0,"['C219000000455090', 'C219000000455095']",2,2024-03-12
C23150,2024-03-14,5.575,"['C231500000454999', 'C231500000454934', 'C231500000455031']",3,2024-03-12
C23300,2024-03-14,606.0,"['C233000000455196', 'C233000000455195']",2,2024-03-12
C27046,2024-03-15,2.04,['C270460000455033'],1,2024-03-13
C23325,2024-03-15,68.9217,['C233250000455190'],1,2024-03-13
C21165,2024-03-15,22.8403,['C211650000455190'],1,2024-03-13
C20300,2024-03-15,40.8,['C203000000455033'],1,2024-03-13
C21460,2024-03-15,8.08,['C214600000454877'],1,2024-03-13
C23300,2024-03-15,303.0,['C233000000455197'],1,2024-03-13
C23050,2024-03-15,1.0150000000000001,"['C230500000455033', 'C230500000454877']",2,2024-03-13
C27050,2024-03-15,2.02,['C270500000454877'],1,2024-03-13
C27050,2024-03-18,4.04,"['C270500000454876', 'C270500000454875']",2,2024-03-14
C28350,2024-03-18,16.830000000000002,"['C283500000456546', 'C283500000456547', 'C283500000456548']",3,2024-03-14
C23200,2024-03-18,1.01439,"['C232000000456546', 'C232000000456547', 'C232000000456548']",3,2024-03-14
C21460,2024-03-18,16.16,"['C214600000454876', 'C214600000454875']",2,2024-03-14
C24400,2024-03-18,0.408,['C244000000455089'],1,2024-03-14
C20543,2024-03-18,1.01,['C205430000455112'],1,2024-03-14
C20300,2024-03-16,40.4,['C203000000455107'],1,2024-03-14
C20543,2024-03-16,1.01,['C205430000455107'],1,2024-03-14
C25000,2024-03-18,3.2439999999999998,"['C250000000456546', 'C250000000455112', 'C250000000456547', 'C250000000456548']",4,2024-03-14
C22000,2024-03-18,0.42228,"['C220000000456546', 'C220000000456547', 'C220000000456548']",3,2024-03-14
C28200,2024-03-18,60.6,['C282000000455112'],1,2024-03-14
C24950,2024-03-18,35.35,['C249500000455112'],1,2024-03-14
C23150,2024-03-18,3.0300000000000002,"['C231500000454876', 'C231500000455112', 'C231500000454875']",3,2024-03-14
C24250,2024-03-18,20.4,['C242500000455089'],1,2024-03-14
C23150,2024-03-16,1.01,['C231500000455107'],1,2024-03-14
C3900702,2024-03-18,20.4,['C39007020000454057'],1,2024-03-14
C3902569,2024-03-18,102.0,['C39025690000454057'],1,2024-03-14
C3901221,2024-03-18,10.2,['C39012210000454057'],1,2024-03-14
C25020,2024-03-18,7.65,['C250200000455089'],1,2024-03-14
C23650,2024-03-18,3.6719999999999997,"['C236500000456546', 'C236500000456547', 'C236500000456548']",3,2024-03-14
C21020,2024-03-16,35.35,['C210200000455107'],1,2024-03-14
C23050,2024-03-16,0.505,['C230500000455107'],1,2024-03-14
C23050,2024-03-18,1.01,"['C230500000454876', 'C230500000454875']",2,2024-03-14
C21700,2024-03-18,34.272,"['C217000000456546', 'C217000000454057', 'C217000000456547', 'C217000000456548']",4,2024-03-14
C23550,2024-03-16,40.4,['C235500000455107'],1,2024-03-14
C23550,2024-03-18,376.3,"['C235500000454994', 'C235500000454876', 'C235500000455112', 'C235500000454875', 'C235500000455089']",5,2024-03-14
C23350,2024-03-18,61.2,['C233500000454057'],1,2024-03-14
C27020,2024-03-18,5.05,['C270200000455112'],1,2024-03-14
C3900799,2024-03-18,81.6,['C39007990000454057'],1,2024-03-14
C23330,2024-03-18,81.6,['C233300000454057'],1,2024-03-14
C20500,2024-03-18,152.6,"['C205000000454994', 'C205000000454876', 'C205000000454875']",3,2024-03-14
C27850,2024-03-18,0.4242,"['C278500000454876', 'C278500000454875']",2,2024-03-14
C21350,2024-03-18,281.061,['C213500000454994'],1,2024-03-14
C27350,2024-03-18,157.3,"['C273500000456546', 'C273500000454876', 'C273500000456547', 'C273500000454875', 'C273500000456548']",5,2024-03-14
C3901891,2024-03-18,81.6,['C39018910000454057'],1,2024-03-14
C26490,2024-03-18,35.35,['C264900000455112'],1,2024-03-14
C29998,2024-03-18,3.0,['C299980000454057'],1,2024-03-14
C3902403,2024-03-18,122.4,['C39024030000454057'],1,2024-03-14
C23551,2024-03-18,40.8,['C235510000454057'],1,2024-03-14
C3901799,2024-03-18,102.0,['C39017990000454057'],1,2024-03-14
C21055,2024-03-18,22.44,['C210550000455089'],1,2024-03-14
C3900219,2024-03-18,40.8,['C39002190000454057'],1,2024-03-14
C25450,2024-03-18,3.6719999999999997,"['C254500000456546', 'C254500000456547', 'C254500000456548']",3,2024-03-14
C25300,2024-03-18,21.913999999999998,"['C253000000454994', 'C253000000454876', 'C253000000455112', 'C253000000454875', 'C253000000455089']",5,2024-03-14
C28000,2024-03-18,36.72,"['C280000000456546', 'C280000000456547', 'C280000000456548']",3,2024-03-14
C3900713,2024-03-18,61.2,['C39007130000454057'],1,2024-03-14
C23305,2024-03-18,51.0,['C233050000454057'],1,2024-03-14
C3900504,2024-03-19,168.3,"['C39005040000454987', 'C39005040000454927']",2,2024-03-15
C3900487,2024-03-19,2.04,['C39004870000454927'],1,2024-03-15
C3900493,2024-03-19,20.4,['C39004930000454927'],1,2024-03-15
C3902267,2024-03-19,0.051,['C39022670000454987'],1,2024-03-15
C28500,2024-03-19,27.948,"['C285000000454987', 'C285000000454927']",2,2024-03-15
C23330,2024-03-19,183.6,"['C233300000454987', 'C233300000454927']",2,2024-03-15
C22780,2024-03-19,151.70000000000002,"['C227800000455115', 'C227800000455097']",2,2024-03-15
C24250,2024-03-19,20.4,['C242500000455087'],1,2024-03-15
C23350,2024-03-19,81.6,"['C233500000454987', 'C233500000454927']",2,2024-03-15
C24950,2024-03-19,35.35,['C249500000455115'],1,2024-03-15
C21362,2024-03-19,0.001212,['C213620000455180'],1,2024-03-15
C28100,2024-03-19,51.0,['C281000000455087'],1,2024-03-15
C27020,2024-03-19,12.7,"['C270200000455115', 'C270200000454992']",2,2024-03-15
C28350,2024-03-19,10.2,['C283500000455097'],1,2024-03-15
C20760,2024-03-19,15.3,['C207600000455097'],1,2024-03-15
C3902019,2024-03-19,1.02,['C39020190000454927'],1,2024-03-15
C21900,2024-03-19,127.5,['C219000000455087'],1,2024-03-15
C21005,2024-03-19,67.9932,['C210050000454996'],1,2024-03-15
C25020,2024-03-19,34.2,"['C250200000455098', 'C250200000455087', 'C250200000455097']",3,2024-03-15
C3900702,2024-03-19,40.8,"['C39007020000454987', 'C39007020000454927']",2,2024-03-15
C3902403,2024-03-19,163.2,"['C39024030000454987', 'C39024030000454927']",2,2024-03-15
C21350,2024-03-19,51.102,['C213500000454996'],1,2024-03-15
C3900713,2024-03-19,122.4,"['C39007130000454987', 'C39007130000454927']",2,2024-03-15
C3900799,2024-03-19,250.92,"['C39007990000454987', 'C39007990000454927']",2,2024-03-15
C26490,2024-03-19,35.35,['C264900000455115'],1,2024-03-15
C26400,2024-03-19,176.75,['C264000000455180'],1,2024-03-15
C26350,2024-03-19,30.6,['C263500000455097'],1,2024-03-15
C21700,2024-03-19,30.6,['C217000000454987'],1,2024-03-15
C25300,2024-03-19,12.761,"['C253000000454996', 'C253000000455115', 'C253000000455098', 'C253000000454992', 'C253000000455087', 'C253000000455097']",6,2024-03-15
C21055,2024-03-19,29.07,"['C210550000455087', 'C210550000455097']",2,2024-03-15
C3901128,2024-03-19,2.04,['C39011280000454927'],1,2024-03-15
C27300,2024-03-19,1.616,"['C273000000455115', 'C273000000455098']",2,2024-03-15
C27350,2024-03-19,213.3,"['C273500000455098', 'C273500000454992']",2,2024-03-15
C21526,2024-03-19,33.66,['C215260000454992'],1,2024-03-15
C27200,2024-03-19,1.02,['C272000000455097'],1,2024-03-15
C24400,2024-03-19,0.408,"['C244000000455087', 'C244000000455097']",2,2024-03-15
C3902520,2024-03-19,2.04,['C39025200000454927'],1,2024-03-15
C28240,2024-03-19,15.3,['C282400000455097'],1,2024-03-15
C27068,2024-03-19,14.28,['C270680000454927'],1,2024-03-15
C24840,2024-03-19,10.2,['C248400000455097'],1,2024-03-15
C27050,2024-03-19,6.12,['C270500000454992'],1,2024-03-15
C21520,2024-03-19,0.765,['C215200000455097'],1,2024-03-15
C21525,2024-03-19,36.015,"['C215250000454987', 'C215250000454996', 'C215250000455098']",3,2024-03-15
C3902569,2024-03-19,255.0,"['C39025690000454987', 'C39025690000454927']",2,2024-03-15
C28200,2024-03-19,60.6,['C282000000455115'],1,2024-03-15
C21420,2024-03-19,4.545,['C214200000455115'],1,2024-03-15
C25000,2024-03-19,7.504,"['C250000000455115', 'C250000000455098', 'C250000000454992']",3,2024-03-15
C21520,2024-03-20,0.765,['C215200000455096'],1,2024-03-18
C3901799,2024-03-20,153.0,['C39017990000454986'],1,2024-03-18
C23350,2024-03-20,102.0,['C233500000454986'],1,2024-03-18
C21525,2024-03-20,55.08,"['C215250000454993', 'C215250000454986']",2,2024-03-18
C20300,2024-03-20,61.2,"['C203000000454983', 'C203000000454982']",2,2024-03-18
C28350,2024-03-20,10.2,['C283500000455096'],1,2024-03-18
C27350,2024-03-20,612.0,"['C273500000454983', 'C273500000454982']",2,2024-03-18
C20500,2024-03-20,112.2,['C205000000454993'],1,2024-03-18
C3901071,2024-03-20,153.0,['C39010710000454986'],1,2024-03-18
C20700,2024-03-20,4.08,"['C207000000454983', 'C207000000454982']",2,2024-03-18
C28100,2024-03-20,112.2,"['C281000000455088', 'C281000000454986']",2,2024-03-18
C24950,2024-03-20,35.35,['C249500000456241'],1,2024-03-18
C22785,2024-03-20,40.8,"['C227850000454983', 'C227850000454982']",2,2024-03-18
C24250,2024-03-20,20.4,['C242500000455088'],1,2024-03-18
C28505,2024-03-20,26.928,['C285050000454986'],1,2024-03-18
C3901221,2024-03-20,10.8732,['C39012210000454986'],1,2024-03-18
C20760,2024-03-20,15.3,['C207600000455096'],1,2024-03-18
C21900,2024-03-20,127.5,['C219000000455088'],1,2024-03-18
C24840,2024-03-20,10.2,['C248400000455096'],1,2024-03-18
C28520,2024-03-20,0.102,"['C285200000454983', 'C285200000454982']",2,2024-03-18
C22780,2024-03-20,151.70000000000002,"['C227800000455096', 'C227800000456241']",2,2024-03-18
C28200,2024-03-20,60.6,['C282000000456241'],1,2024-03-18
C21005,2024-03-20,373.9626,['C210050000454993'],1,2024-03-18
C25000,2024-03-20,8.14,"['C250000000454986', 'C250000000456241']",2,2024-03-18
C3901231,2024-03-20,10.2,['C39012310000454986'],1,2024-03-18
C25300,2024-03-20,18.445999999999998,"['C253000000455096', 'C253000000455088', 'C253000000454993', 'C253000000456241']",4,2024-03-18
C28240,2024-03-20,15.3,['C282400000455096'],1,2024-03-18
C21700,2024-03-20,10.2,['C217000000454986'],1,2024-03-18
C20543,2024-03-20,1.01,['C205430000456241'],1,2024-03-18
C24400,2024-03-20,0.408,"['C244000000455096', 'C244000000455088']",2,2024-03-18
C23550,2024-03-20,331.2,"['C235500000455096', 'C235500000455088', 'C235500000454993', 'C235500000456241']",4,2024-03-18
C25020,2024-03-20,11.475000000000001,"['C250200000455096', 'C250200000455088']",2,2024-03-18
C3902403,2024-03-20,122.4,['C39024030000454986'],1,2024-03-18
C28530,2024-03-20,163.2,"['C285300000454983', 'C285300000454982']",2,2024-03-18
C3900702,2024-03-20,20.4,['C39007020000454986'],1,2024-03-18
C25020,2024-03-21,30.375,"['C250200000455099', 'C250200000456282']",2,2024-03-19
C28530,2024-03-21,163.2,"['C285300000454978', 'C285300000454981']",2,2024-03-19
C28520,2024-03-21,0.102,"['C285200000454978', 'C285200000454981']",2,2024-03-19
C25000,2024-03-21,3.434,"['C250000000456248', 'C250000000455099']",2,2024-03-19
C3901799,2024-03-21,408.0,"['C39017990000454925', 'C39017990000454921']",2,2024-03-19
C27300,2024-03-21,0.606,['C273000000455099'],1,2024-03-19
C23330,2024-03-21,204.0,"['C233300000454925', 'C233300000454921']",2,2024-03-19
C3900504,2024-03-21,173.4,"['C39005040000454925', 'C39005040000454921']",2,2024-03-19
C28500,2024-03-21,5.712,"['C285000000454925', 'C285000000454921']",2,2024-03-19
C25300,2024-03-21,20.869999999999997,"['C253000000456248', 'C253000000455099', 'C253000000456282', 'C253000000456212']",4,2024-03-19
C27020,2024-03-21,22.924999999999997,"['C270200000454978', 'C270200000456248', 'C270200000454981']",3,2024-03-19
C3901128,2024-03-21,4.08,"['C39011280000454925', 'C39011280000454921']",2,2024-03-19
C23350,2024-03-21,40.8,"['C233500000454925', 'C233500000454921']",2,2024-03-19
C3902019,2024-03-21,2.04,"['C39020190000454925', 'C39020190000454921']",2,2024-03-19
C3900493,2024-03-21,40.8,"['C39004930000454925', 'C39004930000454921']",2,2024-03-19
C3902569,2024-03-21,306.0,"['C39025690000454925', 'C39025690000454921']",2,2024-03-19
C3902403,2024-03-21,81.6,"['C39024030000454925', 'C39024030000454921']",2,2024-03-19
C21525,2024-03-21,64.575,"['C215250000455099', 'C215250000456212']",2,2024-03-19
C20300,2024-03-21,61.2,"['C203000000454978', 'C203000000454981']",2,2024-03-19
C21900,2024-03-21,127.5,['C219000000456282'],1,2024-03-19
C21526,2024-03-21,11.22,['C215260000456248'],1,2024-03-19
C21055,2024-03-21,22.44,['C210550000456282'],1,2024-03-19
C20531,2024-03-21,1.01,['C205310000456248'],1,2024-03-19
C20700,2024-03-21,4.08,"['C207000000454978', 'C207000000454981']",2,2024-03-19
C22785,2024-03-21,40.8,"['C227850000454978', 'C227850000454981']",2,2024-03-19
C21350,2024-03-21,281.061,['C213500000456212'],1,2024-03-19
C21005,2024-03-21,373.9626,['C210050000456212'],1,2024-03-19
C3902520,2024-03-21,4.08,"['C39025200000454925', 'C39025200000454921']",2,2024-03-19
C20500,2024-03-21,112.2,['C205000000456212'],1,2024-03-19
C23150,2024-03-21,2.525,"['C231500000456248', 'C231500000455099']",2,2024-03-19
C20500,2024-03-22,20.4,['C205000000456189'],1,2024-03-20
C23050,2024-03-22,0.51,['C230500000456189'],1,2024-03-20
C3900715,2024-03-22,10.2,['C39007150000454985'],1,2024-03-20
C3900219,2024-03-22,30.6,['C39002190000454985'],1,2024-03-20
C21525,2024-03-22,10.2,['C215250000454985'],1,2024-03-20
C3901799,2024-03-22,153.0,['C39017990000454985'],1,2024-03-20
C3900702,2024-03-22,20.4,['C39007020000454985'],1,2024-03-20
C21180,2024-03-22,51.0,['C211800000454985'],1,2024-03-20
C3902403,2024-03-22,122.4,['C39024030000454985'],1,2024-03-20
C27850,2024-03-22,0.2142,['C278500000456189'],1,2024-03-20
C27350,2024-03-22,346.8,"['C273500000454979', 'C273500000456189']",2,2024-03-20
C23150,2024-03-22,1.02,['C231500000456189'],1,2024-03-20
C25300,2024-03-22,1.734,['C253000000456189'],1,2024-03-20
C23300,2024-03-22,51.0,['C233000000454979'],1,2024-03-20
C21700,2024-03-22,10.2,['C217000000454985'],1,2024-03-20
C27050,2024-03-22,2.04,['C270500000456189'],1,2024-03-20
C3901071,2024-03-22,153.0,['C39010710000454985'],1,2024-03-20
C23550,2024-03-25,222.6,"['C235500000454931', 'C235500000456278', 'C235500000456421']",3,2024-03-21
C23550,2024-03-23,40.8,['C235500000455184'],1,2024-03-21
C23551,2024-03-25,81.6,"['C235510000454988', 'C235510000454989']",2,2024-03-21
C22980,2024-03-25,5.05,['C229800000456421'],1,2024-03-21
C25300,2024-03-25,35.5375,"['C253000000455038', 'C253000000454931', 'C253000000456278', 'C253000000456421']",4,2024-03-21
C27350,2024-03-23,346.8,"['C273500000454980', 'C273500000455184']",2,2024-03-21
C3902403,2024-03-23,81.6,"['C39024030000454928', 'C39024030000454926']",2,2024-03-21
C21460,2024-03-25,28.56,['C214600000454931'],1,2024-03-21
C20500,2024-03-25,71.05,['C205000000454931'],1,2024-03-21
C28530,2024-03-23,81.6,['C285300000454980'],1,2024-03-21
C27270,2024-03-25,0.102,['C272700000455038'],1,2024-03-21
C27120,2024-03-25,0.51,['C271200000455038'],1,2024-03-21
C21700,2024-03-25,96.55000000000001,"['C217000000454988', 'C217000000454989', 'C217000000456421']",3,2024-03-21
C22903,2024-03-25,0.255,['C229030000455038'],1,2024-03-21
C28500,2024-03-23,5.712,"['C285000000454928', 'C285000000454926']",2,2024-03-21
C23050,2024-03-23,0.51,['C230500000455184'],1,2024-03-21
C24400,2024-03-25,0.408,['C244000000456278'],1,2024-03-21
C21900,2024-03-25,178.5,"['C219000000455038', 'C219000000456278']",2,2024-03-21
C3902267,2024-03-25,0.102,"['C39022670000454988', 'C39022670000454989']",2,2024-03-21
C28100,2024-03-25,51.0,['C281000000456278'],1,2024-03-21
C21990,2024-03-25,0.505,['C219900000456421'],1,2024-03-21
C21580,2024-03-25,30.3,['C215800000456421'],1,2024-03-21
C27301,2024-03-25,0.204,['C273010000455030'],1,2024-03-21
C21055,2024-03-25,22.44,['C210550000456278'],1,2024-03-21
C21005,2024-03-25,241.4976,['C210050000454931'],1,2024-03-21
C25000,2024-03-25,2.02,['C250000000456421'],1,2024-03-21
C3900799,2024-03-23,338.64,"['C39007990000454928', 'C39007990000454926']",2,2024-03-21
C3900799,2024-03-25,163.2,"['C39007990000454988', 'C39007990000454989']",2,2024-03-21
C3901128,2024-03-23,4.08,"['C39011280000454928', 'C39011280000454926']",2,2024-03-21
C25005,2024-03-25,0.816,['C250050000455030'],1,2024-03-21
C28500,2024-03-25,50.184,"['C285000000454988', 'C285000000454989']",2,2024-03-21
C3902569,2024-03-23,306.0,"['C39025690000454928', 'C39025690000454926']",2,2024-03-21
C28300,2024-03-25,12.75,['C283000000455038'],1,2024-03-21
C28000,2024-03-25,20.2,['C280000000456421'],1,2024-03-21
C21535,2024-03-25,2.02,['C215350000456421'],1,2024-03-21
C3901221,2024-03-25,20.4,"['C39012210000454988', 'C39012210000454989']",2,2024-03-21
C22785,2024-03-23,20.4,['C227850000454980'],1,2024-03-21
C25630,2024-03-25,20.2,['C256300000456421'],1,2024-03-21
C25021,2024-03-25,7.65,['C250210000455030'],1,2024-03-21
C3902569,2024-03-25,204.0,"['C39025690000454988', 'C39025690000454989']",2,2024-03-21
C25020,2024-03-25,7.65,['C250200000456278'],1,2024-03-21
C27300,2024-03-25,1.01,['C273000000456421'],1,2024-03-21
C28485,2024-03-23,204.0,"['C284850000454928', 'C284850000454926']",2,2024-03-21
C20543,2024-03-23,1.02,['C205430000455184'],1,2024-03-21
C21880,2024-03-25,5.1,['C218800000455038'],1,2024-03-21
C24267,2024-03-25,11.22,['C242670000456421'],1,2024-03-21
C28350,2024-03-25,25.25,['C283500000456421'],1,2024-03-21
C24250,2024-03-25,71.0,"['C242500000455038', 'C242500000456278', 'C242500000456421']",3,2024-03-21
C20700,2024-03-23,2.04,['C207000000454980'],1,2024-03-21
C3902403,2024-03-25,244.8,"['C39024030000454988', 'C39024030000454989']",2,2024-03-21
C3901799,2024-03-25,204.0,"['C39017990000454988', 'C39017990000454989']",2,2024-03-21
C23150,2024-03-23,1.02,['C231500000455184'],1,2024-03-21
C23300,2024-03-23,51.0,['C233000000454980'],1,2024-03-21
C21525,2024-03-25,16.32,"['C215250000454988', 'C215250000454989']",2,2024-03-21
C23330,2024-03-25,163.2,"['C233300000454988', 'C233300000454989']",2,2024-03-21
C21465,2024-03-25,6.63,['C214650000455030'],1,2024-03-21
C23305,2024-03-23,408.0,"['C233050000454928', 'C233050000454926']",2,2024-03-21
C23305,2024-03-25,102.0,"['C233050000454988', 'C233050000454989']",2,2024-03-21
C27046,2024-03-23,2.04,['C270460000455184'],1,2024-03-21
C27068,2024-03-23,28.56,"['C270680000454928', 'C270680000454926']",2,2024-03-21
C29998,2024-03-25,6.0,"['C299980000454988', 'C299980000454989']",2,2024-03-21
C3900713,2024-03-23,122.4,"['C39007130000454928', 'C39007130000454926']",2,2024-03-21
C3900713,2024-03-25,122.4,"['C39007130000454988', 'C39007130000454989']",2,2024-03-21
C3901799,2024-03-23,408.0,"['C39017990000454928', 'C39017990000454926']",2,2024-03-21
C3900221,2024-03-23,102.0,"['C39002210000454928', 'C39002210000454926']",2,2024-03-21
C20300,2024-03-23,71.4,"['C203000000454980', 'C203000000455184']",2,2024-03-21
C3900219,2024-03-25,81.6,"['C39002190000454988', 'C39002190000454989']",2,2024-03-21
C3900503,2024-03-25,163.2,"['C39005030000454988', 'C39005030000454989']",2,2024-03-21
C23150,2024-03-25,4.04,"['C231500000454931', 'C231500000456421']",2,2024-03-21
C23050,2024-03-25,1.8025,['C230500000454931'],1,2024-03-21
C23330,2024-03-23,204.0,"['C233300000454928', 'C233300000454926']",2,2024-03-21
C3901891,2024-03-25,163.2,"['C39018910000454988', 'C39018910000454989']",2,2024-03-21
C3900487,2024-03-23,4.08,"['C39004870000454928', 'C39004870000454926']",2,2024-03-21
C23155,2024-03-25,0.51,['C231550000455030'],1,2024-03-21
C27050,2024-03-25,7.07,['C270500000454931'],1,2024-03-21
C3900493,2024-03-23,40.8,"['C39004930000454928', 'C39004930000454926']",2,2024-03-21
C3902019,2024-03-23,2.04,"['C39020190000454928', 'C39020190000454926']",2,2024-03-21
C23350,2024-03-23,40.8,"['C233500000454928', 'C233500000454926']",2,2024-03-21
C23350,2024-03-25,122.4,"['C233500000454988', 'C233500000454989']",2,2024-03-21
C21580,2024-03-26,30.3,['C215800000456418'],1,2024-03-22
C21700,2024-03-26,35.35,['C217000000456418'],1,2024-03-22
C25020,2024-03-26,15.3,"['C250200000456279', 'C250200000456280']",2,2024-03-22
C21900,2024-03-26,255.0,"['C219000000456279', 'C219000000456280']",2,2024-03-22
C21990,2024-03-26,0.505,['C219900000456418'],1,2024-03-22
C28000,2024-03-26,20.2,['C280000000456418'],1,2024-03-22
C21055,2024-03-26,44.88,"['C210550000456279', 'C210550000456280']",2,2024-03-22
C3901128,2024-03-26,2.04,['C39011280000456502'],1,2024-03-22
C21165,2024-03-26,22.8403,['C211650000456360'],1,2024-03-22
C24400,2024-03-26,0.816,"['C244000000456279', 'C244000000456280']",2,2024-03-22
C3900799,2024-03-26,169.32,['C39007990000456502'],1,2024-03-22
C3900487,2024-03-26,2.04,['C39004870000456502'],1,2024-03-22
C23305,2024-03-26,204.0,['C233050000456502'],1,2024-03-22
C28100,2024-03-26,102.0,"['C281000000456279', 'C281000000456280']",2,2024-03-22
C3902520,2024-03-26,2.04,['C39025200000456502'],1,2024-03-22
C21016,2024-03-26,142.8,['C210160000456354'],1,2024-03-22
C25585,2024-03-26,57.3012,['C255850000456360'],1,2024-03-22
C27068,2024-03-26,14.28,['C270680000456502'],1,2024-03-22
C25630,2024-03-26,20.2,['C256300000456418'],1,2024-03-22
C25000,2024-03-26,2.02,['C250000000456418'],1,2024-03-22
C21535,2024-03-26,2.02,['C215350000456418'],1,2024-03-22
C27020,2024-03-26,10.1,['C270200000456418'],1,2024-03-22
C3900504,2024-03-26,86.7,['C39005040000456502'],1,2024-03-22
C3901799,2024-03-26,204.0,['C39017990000456502'],1,2024-03-22
C27046,2024-03-26,8.16,['C270460000456354'],1,2024-03-22
C29012,2024-03-26,25.645248,['C290120000456360'],1,2024-03-22
C22980,2024-03-26,5.05,['C229800000456418'],1,2024-03-22
C23400,2024-03-26,221.1903,['C234000000456360'],1,2024-03-22
C23550,2024-03-26,285.2,"['C235500000456279', 'C235500000456354', 'C235500000456418', 'C235500000456280']",4,2024-03-22
C23330,2024-03-26,102.0,['C233300000456502'],1,2024-03-22
C23680,2024-03-26,4.8085,['C236800000456360'],1,2024-03-22
C23050,2024-03-26,2.04,['C230500000456354'],1,2024-03-22
C28500,2024-03-26,2.856,['C285000000456502'],1,2024-03-22
C23350,2024-03-26,20.4,['C233500000456502'],1,2024-03-22
C25000,2024-03-27,12.18,"['C250000000456414', 'C250000000456236', 'C250000000456242', 'C250000000456240', 'C250000000456409']",5,2024-03-25
C21900,2024-03-27,127.5,['C219000000456281'],1,2024-03-25
C25630,2024-03-27,40.4,"['C256300000456414', 'C256300000456409']",2,2024-03-25
C24400,2024-03-27,0.408,['C244000000456281'],1,2024-03-25
C3902403,2024-03-27,40.8,['C39024030000454922'],1,2024-03-25
C25410,2024-03-27,515.1,['C254100000456494'],1,2024-03-25
C3900799,2024-03-27,169.32,['C39007990000454922'],1,2024-03-25
C3900702,2024-03-27,20.4,['C39007020000454922'],1,2024-03-25
C27350,2024-03-27,325.6,"['C273500000456414', 'C273500000456236', 'C273500000456218', 'C273500000456240', 'C273500000456409']",5,2024-03-25
C3900493,2024-03-27,20.4,['C39004930000454922'],1,2024-03-25
C25300,2024-03-27,73.354,"['C253000000456414', 'C253000000456281', 'C253000000456236', 'C253000000456242', 'C253000000456218', 'C253000000456240', 'C253000000456409']",7,2024-03-25
C3902019,2024-03-27,1.02,['C39020190000454922'],1,2024-03-25
C27076,2024-03-27,60.6,['C270760000456494'],1,2024-03-25
C27050,2024-03-27,14.26,"['C270500000456236', 'C270500000456218', 'C270500000456240']",3,2024-03-25
C21700,2024-03-27,70.7,"['C217000000456414', 'C217000000456409']",2,2024-03-25
C20500,2024-03-27,20.2,['C205000000456218'],1,2024-03-25
C25231,2024-03-27,78.78,['C252310000456494'],1,2024-03-25
C27850,2024-03-27,0.2121,['C278500000456218'],1,2024-03-25
C3900487,2024-03-27,2.04,['C39004870000454922'],1,2024-03-25
C21460,2024-03-27,8.08,['C214600000456218'],1,2024-03-25
C23350,2024-03-27,20.4,['C233500000454922'],1,2024-03-25
C28000,2024-03-27,40.4,"['C280000000456414', 'C280000000456409']",2,2024-03-25
C25020,2024-03-27,7.65,['C250200000456281'],1,2024-03-25
C23150,2024-03-27,9.15,"['C231500000456414', 'C231500000456236', 'C231500000456242', 'C231500000456218', 'C231500000456240', 'C231500000456409']",6,2024-03-25
C22980,2024-03-27,10.1,"['C229800000456414', 'C229800000456409']",2,2024-03-25
C23050,2024-03-27,0.505,['C230500000456218'],1,2024-03-25
C22091,2024-03-27,1.515,['C220910000456494'],1,2024-03-25
C27068,2024-03-27,14.28,['C270680000454922'],1,2024-03-25
C24267,2024-03-27,22.44,"['C242670000456414', 'C242670000456409']",2,2024-03-25
C28485,2024-03-27,102.0,['C284850000454922'],1,2024-03-25
C23330,2024-03-27,102.0,['C233300000454922'],1,2024-03-25
C20543,2024-03-27,7.13,"['C205430000456236', 'C205430000456242', 'C205430000456240']",3,2024-03-25
C24250,2024-03-27,101.19999999999999,"['C242500000456414', 'C242500000456281', 'C242500000456409']",3,2024-03-25
C22265,2024-03-27,181.8,['C222650000456494'],1,2024-03-25
C21420,2024-03-27,4.545,['C214200000456242'],1,2024-03-25
C26490,2024-03-27,35.35,['C264900000456242'],1,2024-03-25
C28350,2024-03-27,50.5,"['C283500000456414', 'C283500000456409']",2,2024-03-25
C22780,2024-03-27,131.3,['C227800000456242'],1,2024-03-25
C3902569,2024-03-27,153.0,['C39025690000454922'],1,2024-03-25
C28200,2024-03-27,60.6,['C282000000456242'],1,2024-03-25
C28500,2024-03-27,2.856,['C285000000454922'],1,2024-03-25
C3900221,2024-03-27,51.0,['C39002210000454922'],1,2024-03-25
C3900504,2024-03-27,86.7,['C39005040000454922'],1,2024-03-25
C21535,2024-03-27,4.04,"['C215350000456414', 'C215350000456409']",2,2024-03-25
C27300,2024-03-27,3.0300000000000002,"['C273000000456414', 'C273000000456242', 'C273000000456409']",3,2024-03-25
C3900702,2024-03-28,20.4,['C39007020000454923'],1,2024-03-26
C27350,2024-03-28,244.0,"['C273500000456217', 'C273500000456187', 'C273500000456455', 'C273500000456219']",4,2024-03-26
C27076,2024-03-28,60.6,['C270760000456495'],1,2024-03-26
C22780,2024-03-28,262.6,"['C227800000456243', 'C227800000456244']",2,2024-03-26
C25300,2024-03-28,13.0495,"['C253000000456243', 'C253000000456217', 'C253000000456187', 'C253000000456244', 'C253000000456219']",5,2024-03-26
C27068,2024-03-28,14.28,['C270680000454923'],1,2024-03-26
C28485,2024-03-28,102.0,['C284850000454923'],1,2024-03-26
C27050,2024-03-28,11.11,"['C270500000456217', 'C270500000456187', 'C270500000456219']",3,2024-03-26
C21017,2024-03-28,17.85,['C210170000456455'],1,2024-03-26
C21460,2024-03-28,44.72,"['C214600000456217', 'C214600000456187', 'C214600000456219']",3,2024-03-26
C20500,2024-03-28,111.44999999999999,"['C205000000456217', 'C205000000456187', 'C205000000456219']",3,2024-03-26
C25231,2024-03-28,78.78,['C252310000456495'],1,2024-03-26
C23330,2024-03-28,102.0,['C233300000454923'],1,2024-03-26
C27850,2024-03-28,1.1703000000000001,"['C278500000456217', 'C278500000456187', 'C278500000456219']",3,2024-03-26
C3900493,2024-03-28,20.4,['C39004930000454923'],1,2024-03-26
C3900487,2024-03-28,2.04,['C39004870000454923'],1,2024-03-26
C22265,2024-03-28,181.8,['C222650000456495'],1,2024-03-26
C3900504,2024-03-28,86.7,['C39005040000454923'],1,2024-03-26
C25000,2024-03-28,4.04,"['C250000000456243', 'C250000000456244']",2,2024-03-26
C28200,2024-03-28,121.2,"['C282000000456243', 'C282000000456244']",2,2024-03-26
C3901799,2024-03-28,204.0,['C39017990000454923'],1,2024-03-26
C21991,2024-03-28,7.272,['C219910000456495'],1,2024-03-26
C21005,2024-03-28,409.83040000000005,"['C210050000456217', 'C210050000456187', 'C210050000456219']",3,2024-03-26
C3902569,2024-03-28,153.0,['C39025690000454923'],1,2024-03-26
C28500,2024-03-28,2.856,['C285000000454923'],1,2024-03-26
C3900713,2024-03-28,61.2,['C39007130000454923'],1,2024-03-26
C24950,2024-03-28,70.7,"['C249500000456243', 'C249500000456244']",2,2024-03-26
C3902403,2024-03-28,40.8,['C39024030000454923'],1,2024-03-26
C20543,2024-03-28,3.55,"['C205430000456243', 'C205430000456244', 'C205430000456455']",3,2024-03-26
C27046,2024-03-28,1.02,['C270460000456455'],1,2024-03-26
C27020,2024-03-28,10.1,"['C270200000456243', 'C270200000456244']",2,2024-03-26
C3901128,2024-03-28,2.04,['C39011280000454923'],1,2024-03-26
C23300,2024-03-28,303.0,['C233000000456495'],1,2024-03-26
C23305,2024-03-28,204.0,['C233050000454923'],1,2024-03-26
C27068,2024-03-29,28.56,"['C270680000454924', 'C270680000456507']",2,2024-03-27
C28500,2024-03-29,5.712,"['C285000000454924', 'C285000000456507']",2,2024-03-27
C3900221,2024-03-29,102.0,"['C39002210000454924', 'C39002210000456507']",2,2024-03-27
C23400,2024-03-29,221.1903,['C234000000456359'],1,2024-03-27
C3902520,2024-03-29,4.08,"['C39025200000454924', 'C39025200000456507']",2,2024-03-27
C21990,2024-03-29,0.505,['C219900000456402'],1,2024-03-27
C24250,2024-03-29,40.4,['C242500000456402'],1,2024-03-27
C23550,2024-03-29,40.4,['C235500000456402'],1,2024-03-27
C27300,2024-03-29,1.01,['C273000000456402'],1,2024-03-27
C25630,2024-03-29,20.2,['C256300000456402'],1,2024-03-27
C28000,2024-03-29,20.2,['C280000000456402'],1,2024-03-27
C21165,2024-03-29,22.8403,['C211650000456359'],1,2024-03-27
C3900493,2024-03-29,40.8,"['C39004930000454924', 'C39004930000456507']",2,2024-03-27
C3900504,2024-03-29,173.4,"['C39005040000454924', 'C39005040000456507']",2,2024-03-27
C3902019,2024-03-29,2.04,"['C39020190000454924', 'C39020190000456507']",2,2024-03-27
C3900713,2024-03-29,122.4,"['C39007130000454924', 'C39007130000456507']",2,2024-03-27
C25000,2024-03-29,2.02,['C250000000456402'],1,2024-03-27
C23330,2024-03-29,204.0,"['C233300000454924', 'C233300000456507']",2,2024-03-27
C28350,2024-03-29,25.25,['C283500000456402'],1,2024-03-27
C3902569,2024-03-29,306.0,"['C39025690000454924', 'C39025690000456507']",2,2024-03-27
C22980,2024-03-29,5.05,['C229800000456402'],1,2024-03-27
C3900487,2024-03-29,4.08,"['C39004870000454924', 'C39004870000456507']",2,2024-03-27
C27020,2024-03-29,10.1,['C270200000456402'],1,2024-03-27
C23350,2024-03-29,40.8,"['C233500000454924', 'C233500000456507']",2,2024-03-27
C3901799,2024-03-29,408.0,"['C39017990000454924', 'C39017990000456507']",2,2024-03-27
C27300,2024-04-02,1.0803800000000001,"['C273000000456353', 'C273000000456417', 'C273000000456400', 'C273000000456401']",4,2024-03-29
C27076,2024-04-02,60.6,['C270760000456496'],1,2024-03-29
C26400,2024-04-02,176.75,['C264000000456190'],1,2024-03-29
C22265,2024-04-02,181.8,['C222650000456496'],1,2024-03-29
C23550,2024-04-02,266.82280000000003,"['C235500000456186', 'C235500000456353', 'C235500000456216', 'C235500000456417', 'C235500000456400', 'C235500000456401', 'C235500000456185']",7,2024-03-29
C3902569,2024-04-02,153.0,['C39025690000456508'],1,2024-03-29
C28500,2024-04-02,2.856,['C285000000456508'],1,2024-03-29
C23650,2024-04-02,4.222799999999999,"['C236500000456353', 'C236500000456400', 'C236500000456401']",3,2024-03-29
C3900504,2024-04-02,86.7,['C39005040000456508'],1,2024-03-29
C24200,2024-04-02,2.8152,"['C242000000456353', 'C242000000456400', 'C242000000456401']",3,2024-03-29
C28485,2024-04-02,102.0,['C284850000456508'],1,2024-03-29
C24250,2024-04-02,40.4,['C242500000456417'],1,2024-03-29
C28350,2024-04-02,25.25,['C283500000456417'],1,2024-03-29
C24267,2024-04-02,11.22,['C242670000456417'],1,2024-03-29
C22091,2024-04-02,1.515,['C220910000456496'],1,2024-03-29
C21991,2024-04-02,7.272,['C219910000456496'],1,2024-03-29
C3901128,2024-04-02,2.04,['C39011280000456508'],1,2024-03-29
C20720,2024-04-02,1.4076,"['C207200000456353', 'C207200000456400', 'C207200000456401']",3,2024-03-29
C20745,2024-04-02,2.1113999999999997,"['C207450000456353', 'C207450000456400', 'C207450000456401']",3,2024-03-29
C22980,2024-04-02,5.05,['C229800000456417'],1,2024-03-29
C25000,2024-04-02,2.1607600000000002,"['C250000000456353', 'C250000000456417', 'C250000000456400', 'C250000000456401']",4,2024-03-29
C20500,2024-04-02,111.45,"['C205000000456186', 'C205000000456216', 'C205000000456185']",3,2024-03-29
C28750,2024-04-02,227.246,['C287500000456190'],1,2024-03-29
C3900487,2024-04-02,2.04,['C39004870000456508'],1,2024-03-29
C23150,2024-04-02,6.7638,"['C231500000456186', 'C231500000456353', 'C231500000456216', 'C231500000456417', 'C231500000456400', 'C231500000456401', 'C231500000456185']",7,2024-03-29
C23155,2024-04-02,1.53,"['C231550000456443', 'C231550000456444', 'C231550000456445']",3,2024-03-29
C23300,2024-04-02,303.0,['C233000000456496'],1,2024-03-29
C3900493,2024-04-02,20.4,['C39004930000456508'],1,2024-03-29
C3902019,2024-04-02,1.02,['C39020190000456508'],1,2024-03-29
C23305,2024-04-02,204.0,['C233050000456508'],1,2024-03-29
C3900221,2024-04-02,51.0,['C39002210000456508'],1,2024-03-29
C23330,2024-04-02,102.0,['C233300000456508'],1,2024-03-29
C29106,2024-04-02,9.8532,"['C291060000456400', 'C291060000456401']",2,2024-03-29
C29105,2024-04-02,4.9266,['C291050000456353'],1,2024-03-29
C3901799,2024-04-02,204.0,['C39017990000456508'],1,2024-03-29
C23050,2024-04-02,2.8125,"['C230500000456186', 'C230500000456216', 'C230500000456185']",3,2024-03-29
C23350,2024-04-02,20.4,['C233500000456508'],1,2024-03-29
C28840,2024-04-02,0.0061200000000000004,['C288400000456190'],1,2024-03-29
C28710,2024-04-02,4.9266000000000005,"['C287100000456353', 'C287100000456400', 'C287100000456401']",3,2024-03-29
C21005,2024-04-02,308.8304,"['C210050000456186', 'C210050000456216', 'C210050000456185']",3,2024-03-29
C3900713,2024-04-02,61.2,['C39007130000456508'],1,2024-03-29
C25231,2024-04-02,78.78,['C252310000456496'],1,2024-03-29
C21850,2024-04-02,0.7038,"['C218500000456353', 'C218500000456400', 'C218500000456401']",3,2024-03-29
C25305,2024-04-02,2.3868,"['C253050000456443', 'C253050000456444', 'C253050000456445']",3,2024-03-29
C27850,2024-04-02,1.1703,"['C278500000456186', 'C278500000456216', 'C278500000456185']",3,2024-03-29
C25005,2024-04-02,2.448,"['C250050000456443', 'C250050000456444', 'C250050000456445']",3,2024-03-29
C21990,2024-04-02,0.505,['C219900000456417'],1,2024-03-29
C27355,2024-04-02,91.80000000000001,"['C273550000456443', 'C273550000456444', 'C273550000456445']",3,2024-03-29
C3900799,2024-04-02,169.32,['C39007990000456508'],1,2024-03-29
C28000,2024-04-02,20.2,['C280000000456417'],1,2024-03-29
C21700,2024-04-02,35.35,['C217000000456417'],1,2024-03-29
C21660,2024-04-02,2.8152,"['C216600000456353', 'C216600000456400', 'C216600000456401']",3,2024-03-29
C25300,2024-04-02,39.0055,"['C253000000456186', 'C253000000456216', 'C253000000456417', 'C253000000456185']",4,2024-03-29
C3900702,2024-04-02,20.4,['C39007020000456508'],1,2024-03-29
C25021,2024-04-02,22.950000000000003,"['C250210000456443', 'C250210000456444', 'C250210000456445']",3,2024-03-29
C23200,2024-04-03,3.6829650000000003,['C232000000456250'],1,2024-04-01
C23300,2024-04-03,303.0,['C233000000456497'],1,2024-04-01
C3900799,2024-04-03,169.32,['C39007990000456506'],1,2024-04-01
C25410,2024-04-03,515.1,['C254100000456497'],1,2024-04-01
C3901799,2024-04-03,204.0,['C39017990000456506'],1,2024-04-01
C3902019,2024-04-03,1.02,['C39020190000456506'],1,2024-04-01
C3900221,2024-04-03,51.0,['C39002210000456506'],1,2024-04-01
C27350,2024-04-03,460.75,"['C273500000456238', 'C273500000456420', 'C273500000456250', 'C273500000456184']",4,2024-04-01
C23305,2024-04-03,204.0,['C233050000456506'],1,2024-04-01
C3900713,2024-04-03,61.2,['C39007130000456506'],1,2024-04-01
C27068,2024-04-03,14.28,['C270680000456506'],1,2024-04-01
C23050,2024-04-03,0.505,['C230500000456184'],1,2024-04-01
C27355,2024-04-03,30.6,['C273550000456446'],1,2024-04-01
C3900493,2024-04-03,20.4,['C39004930000456506'],1,2024-04-01
C27020,2024-04-03,17.75,"['C270200000456238', 'C270200000456420']",2,2024-04-01
C21005,2024-04-03,33.6664,['C210050000456184'],1,2024-04-01
C3902569,2024-04-03,153.0,['C39025690000456506'],1,2024-04-01
C24267,2024-04-03,11.22,['C242670000456420'],1,2024-04-01
C3902403,2024-04-03,40.8,['C39024030000456506'],1,2024-04-01
C20543,2024-04-03,3.06,['C205430000456238'],1,2024-04-01
C26400,2024-04-03,353.5,"['C264000000456288', 'C264000000456289']",2,2024-04-01
C23150,2024-04-03,4.575,"['C231500000456238', 'C231500000456420', 'C231500000456184']",3,2024-04-01
C3901128,2024-04-03,2.04,['C39011280000456506'],1,2024-04-01
C22091,2024-04-03,1.515,['C220910000456497'],1,2024-04-01
C23550,2024-04-03,80.8,"['C235500000456420', 'C235500000456184']",2,2024-04-01
C27300,2024-04-03,3.232,"['C273000000456420', 'C273000000456250']",2,2024-04-01
C22000,2024-04-03,2.222,['C220000000456250'],1,2024-04-01
C21991,2024-04-03,7.272,['C219910000456497'],1,2024-04-01
C26300,2024-04-03,787.699,['C263000000456250'],1,2024-04-01
C27050,2024-04-03,8.14,"['C270500000456238', 'C270500000456184']",2,2024-04-01
C28000,2024-04-03,153.51999999999998,"['C280000000456420', 'C280000000456250']",2,2024-04-01
C21990,2024-04-03,0.505,['C219900000456420'],1,2024-04-01
C25000,2024-04-03,9.524000000000001,"['C250000000456238', 'C250000000456420', 'C250000000456250']",3,2024-04-01
C25630,2024-04-03,20.2,['C256300000456420'],1,2024-04-01
C28350,2024-04-03,86.35499999999999,"['C283500000456420', 'C283500000456250']",2,2024-04-01
C25005,2024-04-03,0.816,['C250050000456446'],1,2024-04-01
C21362,2024-04-03,0.002424,"['C213620000456288', 'C213620000456289']",2,2024-04-01
C28500,2024-04-03,2.856,['C285000000456506'],1,2024-04-01
C27850,2024-04-03,0.2121,['C278500000456184'],1,2024-04-01
C22903,2024-04-03,2.7775,['C229030000456250'],1,2024-04-01
C23650,2024-04-03,13.332,['C236500000456250'],1,2024-04-01
C3900504,2024-04-03,86.7,['C39005040000456506'],1,2024-04-01
C21580,2024-04-03,30.3,['C215800000456420'],1,2024-04-01
C28485,2024-04-03,102.0,['C284850000456506'],1,2024-04-01
C25305,2024-04-03,0.7956,['C253050000456446'],1,2024-04-01
C24250,2024-04-03,40.4,['C242500000456420'],1,2024-04-01
C22265,2024-04-03,181.8,['C222650000456497'],1,2024-04-01
C21535,2024-04-03,2.02,['C215350000456420'],1,2024-04-01
C3900702,2024-04-03,20.4,['C39007020000456506'],1,2024-04-01
C25021,2024-04-03,7.65,['C250210000456446'],1,2024-04-01
C23150,2024-04-04,5.05,"['C231500000456416', 'C231500000456215', 'C231500000456356']",3,2024-04-02
C3902403,2024-04-04,122.4,['C39024030000456492'],1,2024-04-02
C23551,2024-04-04,40.8,['C235510000456492'],1,2024-04-02
C21580,2024-04-04,30.3,['C215800000456416'],1,2024-04-02
C22905,2024-04-04,20.4,['C229050000456492'],1,2024-04-02
C3902267,2024-04-04,0.051,['C39022670000456492'],1,2024-04-02
C25300,2024-04-04,35.5375,"['C253000000456416', 'C253000000456215']",2,2024-04-02
C23350,2024-04-04,61.2,['C233500000456492'],1,2024-04-02
C27046,2024-04-04,2.02,['C270460000456356'],1,2024-04-02
C25630,2024-04-04,20.2,['C256300000456416'],1,2024-04-02
C21535,2024-04-04,2.02,['C215350000456416'],1,2024-04-02
C3901799,2024-04-04,102.0,['C39017990000456492'],1,2024-04-02
C24250,2024-04-04,40.4,['C242500000456416'],1,2024-04-02
C23330,2024-04-04,81.6,['C233300000456492'],1,2024-04-02
C21700,2024-04-04,65.95,"['C217000000456416', 'C217000000456492']",2,2024-04-02
C24267,2024-04-04,11.22,['C242670000456416'],1,2024-04-02
C23050,2024-04-04,2.3075,"['C230500000456215', 'C230500000456356']",2,2024-04-02
C3901221,2024-04-04,10.2,['C39012210000456492'],1,2024-04-02
C27020,2024-04-04,10.1,['C270200000456416'],1,2024-04-02
C23305,2024-04-04,51.0,['C233050000456492'],1,2024-04-02
C21990,2024-04-04,0.505,['C219900000456416'],1,2024-04-02
C22980,2024-04-04,5.05,['C229800000456416'],1,2024-04-02
C3900799,2024-04-04,81.6,['C39007990000456492'],1,2024-04-02
C3900713,2024-04-04,61.2,['C39007130000456492'],1,2024-04-02
C25000,2024-04-04,2.02,['C250000000456416'],1,2024-04-02
C3901891,2024-04-04,81.6,['C39018910000456492'],1,2024-04-02
C27050,2024-04-04,7.07,['C270500000456215'],1,2024-04-02
C21525,2024-04-04,8.16,['C215250000456492'],1,2024-04-02
C23550,2024-04-04,222.20000000000002,"['C235500000456416', 'C235500000456215', 'C235500000456356']",3,2024-04-02
C23150,2024-04-05,0.505,['C231500000456415'],1,2024-04-03
C28000,2024-04-05,20.2,['C280000000456415'],1,2024-04-03
C25410,2024-04-05,515.1,['C254100000456498'],1,2024-04-03
C23551,2024-04-05,40.8,['C235510000454990'],1,2024-04-03
C21525,2024-04-05,8.16,['C215250000454990'],1,2024-04-03
C25000,2024-04-05,2.02,['C250000000456415'],1,2024-04-03
C3901891,2024-04-05,81.6,['C39018910000454990'],1,2024-04-03
C3900713,2024-04-05,61.2,['C39007130000454990'],1,2024-04-03
C23300,2024-04-05,303.0,['C233000000456498'],1,2024-04-03
C23305,2024-04-05,51.0,['C233050000454990'],1,2024-04-03
C21990,2024-04-05,0.505,['C219900000456415'],1,2024-04-03
C27020,2024-04-05,10.1,['C270200000456415'],1,2024-04-03
C3900702,2024-04-05,20.4,['C39007020000454990'],1,2024-04-03
C3900219,2024-04-05,40.8,['C39002190000454990'],1,2024-04-03
C3901799,2024-04-05,102.0,['C39017990000454990'],1,2024-04-03
C21991,2024-04-05,7.272,['C219910000456498'],1,2024-04-03
C27350,2024-04-05,20.2,['C273500000456415'],1,2024-04-03
C22091,2024-04-05,1.515,['C220910000456498'],1,2024-04-03
C27076,2024-04-05,60.6,['C270760000456498'],1,2024-04-03
C22905,2024-04-05,20.4,['C229050000454990'],1,2024-04-03
C21580,2024-04-05,30.3,['C215800000456415'],1,2024-04-03
C24267,2024-04-05,11.22,['C242670000456415'],1,2024-04-03
C25231,2024-04-05,78.78,['C252310000456498'],1,2024-04-03
C23330,2024-04-05,81.6,['C233300000454990'],1,2024-04-03
C3902267,2024-04-05,0.051,['C39022670000454990'],1,2024-04-03
C28350,2024-04-08,106.755,"['C283500000456413', 'C283500000456287', 'C283500000456249']",3,2024-04-04
C3900504,2024-04-08,81.6,['C39005040000456491'],1,2024-04-04
C25300,2024-04-08,34.951,"['C253000000456413', 'C253000000456239', 'C253000000456287', 'C253000000456249']",4,2024-04-04
C24251,2024-04-08,10.2,['C242510000456287'],1,2024-04-04
C3900799,2024-04-08,81.6,['C39007990000456491'],1,2024-04-04
C23650,2024-04-08,13.332,['C236500000456249'],1,2024-04-04
C28500,2024-04-08,25.092,['C285000000456491'],1,2024-04-04
C23551,2024-04-08,40.8,['C235510000456491'],1,2024-04-04
C21535,2024-04-08,2.02,['C215350000456413'],1,2024-04-04
C29012,2024-04-08,25.645248,['C290120000456361'],1,2024-04-04
C22903,2024-04-08,2.7775,['C229030000456249'],1,2024-04-04
C3902569,2024-04-08,102.0,['C39025690000456491'],1,2024-04-04
C23330,2024-04-08,81.6,['C233300000456491'],1,2024-04-04
C29998,2024-04-08,5.0,"['C299980000456491', 'C299980000456287']",2,2024-04-04
C3900715,2024-04-08,4.08,['C39007150000456287'],1,2024-04-04
C23050,2024-04-08,0.505,['C230500000456355'],1,2024-04-04
C21526,2024-04-08,33.66,['C215260000456239'],1,2024-04-04
C20300,2024-04-08,40.4,['C203000000456355'],1,2024-04-04
C23325,2024-04-08,68.9217,['C233250000456361'],1,2024-04-04
C3900713,2024-04-08,61.2,['C39007130000456491'],1,2024-04-04
C3902403,2024-04-08,122.4,['C39024030000456491'],1,2024-04-04
C3900219,2024-04-08,40.8,['C39002190000456491'],1,2024-04-04
C3901799,2024-04-08,102.0,['C39017990000456491'],1,2024-04-04
C27046,2024-04-08,2.02,['C270460000456355'],1,2024-04-04
C23305,2024-04-08,51.0,['C233050000456491'],1,2024-04-04
C23200,2024-04-08,3.6829650000000003,['C232000000456249'],1,2024-04-04
C21525,2024-04-08,8.16,['C215250000456491'],1,2024-04-04
C3901891,2024-04-08,81.6,['C39018910000456491'],1,2024-04-04
C23150,2024-04-08,4.575,"['C231500000456413', 'C231500000456239', 'C231500000456355']",3,2024-04-04
C23350,2024-04-08,61.2,['C233500000456491'],1,2024-04-04
C23400,2024-04-08,221.1903,['C234000000456361'],1,2024-04-04
C27020,2024-04-08,17.75,"['C270200000456413', 'C270200000456239']",2,2024-04-04
C25630,2024-04-08,20.2,['C256300000456413'],1,2024-04-04
C22905,2024-04-08,20.4,['C229050000456491'],1,2024-04-04
C22920,2024-04-08,1.02,['C229200000456287'],1,2024-04-04
C27302,2024-04-08,0.612,['C273020000456287'],1,2024-04-04
C3901221,2024-04-08,10.2,['C39012210000456491'],1,2024-04-04
C23550,2024-04-08,80.8,"['C235500000456413', 'C235500000456355']",2,2024-04-04
C21165,2024-04-08,22.8403,['C211650000456361'],1,2024-04-04
C25850,2024-04-08,0.09179999999999999,['C258500000456287'],1,2024-04-04
C28000,2024-04-08,189.22,"['C280000000456413', 'C280000000456287', 'C280000000456249']",3,2024-04-04
C21580,2024-04-08,30.3,['C215800000456413'],1,2024-04-04
C3900503,2024-04-08,81.6,['C39005030000456491'],1,2024-04-04
C26300,2024-04-08,920.299,"['C263000000456287', 'C263000000456249']",2,2024-04-04
C22980,2024-04-08,5.05,['C229800000456413'],1,2024-04-04
C25450,2024-04-08,18.432000000000002,"['C254500000456287', 'C254500000456249']",2,2024-04-04
C27300,2024-04-08,3.232,"['C273000000456413', 'C273000000456249']",2,2024-04-04
C25585,2024-04-08,57.3012,['C255850000456361'],1,2024-04-04
C25000,2024-04-09,5.08,"['C250000000456412', 'C250000000456237']",2,2024-04-05
C27050,2024-04-09,6.12,['C270500000456237'],1,2024-04-05
C27076,2024-04-09,60.6,['C270760000456290'],1,2024-04-05
C27300,2024-04-09,1.01,['C273000000456412'],1,2024-04-05
C27350,2024-04-09,610.2,"['C273500000456357', 'C273500000456485', 'C273500000456412', 'C273500000456237']",4,2024-04-05
C21700,2024-04-09,35.35,['C217000000456412'],1,2024-04-05
C25230,2024-04-09,78.78,['C252300000456290'],1,2024-04-05
C27046,2024-04-09,8.08,['C270460000456357'],1,2024-04-05
C25410,2024-04-09,515.1,['C254100000456290'],1,2024-04-05
C21020,2024-04-09,141.4,['C210200000456357'],1,2024-04-05
C27020,2024-04-09,27.95,"['C270200000456485', 'C270200000456412', 'C270200000456237']",3,2024-04-05
C21526,2024-04-09,33.66,['C215260000456237'],1,2024-04-05
C21580,2024-04-09,30.3,['C215800000456412'],1,2024-04-05
C21535,2024-04-09,2.02,['C215350000456412'],1,2024-04-05
C25630,2024-04-09,20.2,['C256300000456412'],1,2024-04-05
C28000,2024-04-09,20.2,['C280000000456412'],1,2024-04-05
C25300,2024-04-09,34.951,"['C253000000456412', 'C253000000456237']",2,2024-04-05
C29998,2024-04-10,2.0,['C299980000456286'],1,2024-04-08
C27020,2024-04-10,20.2,"['C270200000456410', 'C270200000456411']",2,2024-04-08
C27350,2024-04-10,183.2,"['C273500000456410', 'C273500000456214', 'C273500000456411']",3,2024-04-08
C28350,2024-04-10,91.3,"['C283500000456286', 'C283500000456410', 'C283500000456284', 'C283500000456411', 'C283500000456283']",5,2024-04-08
C26300,2024-04-10,132.6,['C263000000456286'],1,2024-04-08
C24250,2024-04-10,80.8,"['C242500000456410', 'C242500000456411']",2,2024-04-08
C20500,2024-04-10,71.05,['C205000000456214'],1,2024-04-08
C22920,2024-04-10,1.02,['C229200000456286'],1,2024-04-08
C28240,2024-04-10,30.6,"['C282400000456284', 'C282400000456283']",2,2024-04-08
C27050,2024-04-10,7.07,['C270500000456214'],1,2024-04-08
C25000,2024-04-10,4.04,"['C250000000456410', 'C250000000456411']",2,2024-04-08
C23150,2024-04-10,4.545,"['C231500000456410', 'C231500000456214', 'C231500000456411']",3,2024-04-08
C25002,2024-04-10,1.53,['C250020000456286'],1,2024-04-08
C21055,2024-04-10,13.26,"['C210550000456284', 'C210550000456283']",2,2024-04-08
C25020,2024-04-10,7.65,"['C250200000456284', 'C250200000456283']",2,2024-04-08
C28000,2024-04-10,76.1,"['C280000000456286', 'C280000000456410', 'C280000000456411']",3,2024-04-08
C21520,2024-04-10,1.53,"['C215200000456284', 'C215200000456283']",2,2024-04-08
C20760,2024-04-10,30.6,"['C207600000456284', 'C207600000456283']",2,2024-04-08
C21005,2024-04-10,241.4976,['C210050000456214'],1,2024-04-08
C21990,2024-04-10,15.554,"['C219900000456410', 'C219900000456293', 'C219900000456411', 'C219900000456292']",4,2024-04-08
C27076,2024-04-10,121.2,"['C270760000456293', 'C270760000456292']",2,2024-04-08
C23300,2024-04-10,606.0,"['C233000000456293', 'C233000000456292']",2,2024-04-08
C25450,2024-04-10,5.1,['C254500000456286'],1,2024-04-08
C23550,2024-04-10,293.6,"['C235500000456410', 'C235500000456284', 'C235500000456214', 'C235500000456411', 'C235500000456283']",5,2024-04-08
C28100,2024-04-10,15.3,['C281000000456286'],1,2024-04-08
C25410,2024-04-10,1030.2,"['C254100000456293', 'C254100000456292']",2,2024-04-08
C24840,2024-04-10,20.4,"['C248400000456284', 'C248400000456283']",2,2024-04-08
C27302,2024-04-10,0.612,['C273020000456286'],1,2024-04-08
C23050,2024-04-10,1.8025,['C230500000456214'],1,2024-04-08
C27850,2024-04-10,0.7461,['C278500000456214'],1,2024-04-08
C22095,2024-04-10,3.03,"['C220950000456293', 'C220950000456292']",2,2024-04-08
C25850,2024-04-10,0.09179999999999999,['C258500000456286'],1,2024-04-08
C21460,2024-04-10,28.56,['C214600000456214'],1,2024-04-08
C21580,2024-04-10,60.6,"['C215800000456410', 'C215800000456411']",2,2024-04-08
C22980,2024-04-10,10.1,"['C229800000456410', 'C229800000456411']",2,2024-04-08
C3901799,2024-04-11,204.0,['C39017990000456501'],1,2024-04-09
C21460,2024-04-11,28.56,['C214600000456213'],1,2024-04-09
C3900713,2024-04-11,61.2,['C39007130000456501'],1,2024-04-09
C20300,2024-04-11,61.199999999999996,"['C203000000456452', 'C203000000456448']",2,2024-04-09
C27076,2024-04-11,60.6,['C270760000456291'],1,2024-04-09
C3902569,2024-04-11,153.0,['C39025690000456501'],1,2024-04-09
C23330,2024-04-11,102.0,['C233300000456501'],1,2024-04-09
C21535,2024-04-11,2.02,['C215350000456422'],1,2024-04-09
C23350,2024-04-11,20.4,['C233500000456501'],1,2024-04-09
C23305,2024-04-11,204.0,['C233050000456501'],1,2024-04-09
C25630,2024-04-11,20.2,['C256300000456422'],1,2024-04-09
C28000,2024-04-11,20.2,['C280000000456422'],1,2024-04-09
C20543,2024-04-11,4.59,"['C205430000456452', 'C205430000456448']",2,2024-04-09
C3900799,2024-04-11,169.32,['C39007990000456501'],1,2024-04-09
C24250,2024-04-11,40.4,['C242500000456422'],1,2024-04-09
C22260,2024-04-11,181.8,['C222600000456291'],1,2024-04-09
C27850,2024-04-11,0.7461,['C278500000456213'],1,2024-04-09
C21990,2024-04-11,7.777,"['C219900000456422', 'C219900000456291']",2,2024-04-09
C22095,2024-04-11,1.515,['C220950000456291'],1,2024-04-09
C27350,2024-04-11,224.2,"['C273500000456422', 'C273500000456213', 'C273500000456452', 'C273500000456448']",4,2024-04-09
C28485,2024-04-11,102.0,['C284850000456501'],1,2024-04-09
C3901128,2024-04-11,2.04,['C39011280000456501'],1,2024-04-09
C21005,2024-04-11,241.4976,['C210050000456213'],1,2024-04-09
C21700,2024-04-11,35.35,['C217000000456422'],1,2024-04-09
C28350,2024-04-11,25.25,['C283500000456422'],1,2024-04-09
C25300,2024-04-11,35.5375,"['C253000000456422', 'C253000000456213']",2,2024-04-09
C3900504,2024-04-11,86.7,['C39005040000456501'],1,2024-04-09
C21020,2024-04-11,53.550000000000004,"['C210200000456452', 'C210200000456448']",2,2024-04-09
C3902520,2024-04-11,2.04,['C39025200000456501'],1,2024-04-09
C25230,2024-04-11,78.78,['C252300000456291'],1,2024-04-09
C21580,2024-04-11,30.3,['C215800000456422'],1,2024-04-09
C25410,2024-04-11,515.1,['C254100000456291'],1,2024-04-09
C25000,2024-04-11,2.02,['C250000000456422'],1,2024-04-09
C24267,2024-04-11,11.22,['C242670000456422'],1,2024-04-09
C28500,2024-04-11,2.856,['C285000000456501'],1,2024-04-09
C23200,2024-04-15,0.66963,['C232000000456235'],1,2024-04-11
C27046,2024-04-15,4.08,"['C270460000456453', 'C270460000456447', 'C270460000456450']",3,2024-04-11
C21990,2024-04-15,0.505,['C219900000456423'],1,2024-04-11
C21005,2024-04-15,373.9626,['C210050000456211'],1,2024-04-11
C23050,2024-04-15,1.02,"['C230500000456453', 'C230500000456447', 'C230500000456450']",3,2024-04-11
C3900493,2024-04-15,20.4,['C39004930000456500'],1,2024-04-11
C3901128,2024-04-15,2.04,['C39011280000456500'],1,2024-04-11
C3902520,2024-04-15,2.04,['C39025200000456500'],1,2024-04-11
C23155,2024-04-15,2.02,['C231550000456349'],1,2024-04-11
C24267,2024-04-15,11.22,['C242670000456423'],1,2024-04-11
C21165,2024-04-15,22.8403,['C211650000456362'],1,2024-04-11
C25630,2024-04-15,20.2,['C256300000456423'],1,2024-04-11
C23400,2024-04-15,221.1903,['C234000000456362'],1,2024-04-11
C3902019,2024-04-15,1.02,['C39020190000456500'],1,2024-04-11
C20500,2024-04-15,112.2,['C205000000456211'],1,2024-04-11
C20543,2024-04-15,6.12,"['C205430000456453', 'C205430000456447', 'C205430000456450']",3,2024-04-11
C23650,2024-04-15,2.424,['C236500000456235'],1,2024-04-11
C22980,2024-04-15,5.05,['C229800000456423'],1,2024-04-11
C25305,2024-04-15,3.232,['C253050000456349'],1,2024-04-11
C21580,2024-04-15,30.3,['C215800000456423'],1,2024-04-11
C26300,2024-04-15,141.4,['C263000000456235'],1,2024-04-11
C22350,2024-04-15,0.0101,['C223500000456235'],1,2024-04-11
C27300,2024-04-15,1.4140000000000001,"['C273000000456423', 'C273000000456235']",2,2024-04-11
C28485,2024-04-15,102.0,['C284850000456500'],1,2024-04-11
C24100,2024-04-15,10.1,['C241000000456235'],1,2024-04-11
C20536,2024-04-15,2.02,['C205360000456349'],1,2024-04-11
C27350,2024-04-15,101.79999999999998,"['C273500000456423', 'C273500000456453', 'C273500000456447', 'C273500000456450']",4,2024-04-11
C3900702,2024-04-15,20.4,['C39007020000456500'],1,2024-04-11
C23680,2024-04-15,4.8085,['C236800000456362'],1,2024-04-11
C23350,2024-04-15,20.4,['C233500000456500'],1,2024-04-11
C28500,2024-04-15,2.856,['C285000000456500'],1,2024-04-11
C25585,2024-04-15,57.3012,['C255850000456362'],1,2024-04-11
C27020,2024-04-15,10.1,['C270200000456423'],1,2024-04-11
C20300,2024-04-15,81.6,"['C203000000456453', 'C203000000456447', 'C203000000456450']",3,2024-04-11
C3902569,2024-04-15,153.0,['C39025690000456500'],1,2024-04-11
C21020,2024-04-15,71.4,"['C210200000456453', 'C210200000456447', 'C210200000456450']",3,2024-04-11
C25300,2024-04-15,46.12,"['C253000000456423', 'C253000000456211']",2,2024-04-11
C28350,2024-04-15,36.36,"['C283500000456423', 'C283500000456235']",2,2024-04-11
C23550,2024-04-15,346.4,"['C235500000456423', 'C235500000456211', 'C235500000456453', 'C235500000456447', 'C235500000456450']",5,2024-04-11
C29012,2024-04-15,25.645248,['C290120000456362'],1,2024-04-11
C27355,2024-04-15,80.8,['C273550000456349'],1,2024-04-11
C25450,2024-04-15,2.424,['C254500000456235'],1,2024-04-11
C21350,2024-04-15,281.061,['C213500000456211'],1,2024-04-11
C24250,2024-04-15,40.4,['C242500000456423'],1,2024-04-11
C21535,2024-04-15,2.02,['C215350000456423'],1,2024-04-11
C23330,2024-04-15,102.0,['C233300000456500'],1,2024-04-11
C27046,2024-04-16,3.06,"['C270460000456454', 'C270460000456451']",2,2024-04-12
C20543,2024-04-16,4.59,"['C205430000456454', 'C205430000456451']",2,2024-04-12
C23350,2024-04-16,20.4,['C233500000456499'],1,2024-04-12
C23330,2024-04-16,102.0,['C233300000456499'],1,2024-04-12
C20500,2024-04-16,71.4,['C205000000456220'],1,2024-04-12
C23305,2024-04-16,204.0,['C233050000456499'],1,2024-04-12
C23050,2024-04-16,2.55,"['C230500000456454', 'C230500000456220', 'C230500000456451']",3,2024-04-12
C24180,2024-04-16,1288.5651,['C241800000456352'],1,2024-04-12
C23150,2024-04-16,5.1,"['C231500000456454', 'C231500000456220', 'C231500000456451']",3,2024-04-12
C3900221,2024-04-16,51.0,['C39002210000456499'],1,2024-04-12
C21020,2024-04-16,17.85,['C210200000456451'],1,2024-04-12
C27850,2024-04-16,0.7497,['C278500000456220'],1,2024-04-12
C20300,2024-04-16,61.199999999999996,"['C203000000456454', 'C203000000456451']",2,2024-04-12
C21005,2024-04-16,489.09,['C210050000456220'],1,2024-04-12
C3900487,2024-04-16,2.04,['C39004870000456499'],1,2024-04-12
C25300,2024-04-16,6.426,['C253000000456220'],1,2024-04-12
C27350,2024-04-16,204.00000000000003,"['C273500000456454', 'C273500000456220', 'C273500000456451']",3,2024-04-12
C28485,2024-04-16,102.0,['C284850000456499'],1,2024-04-12
C25300,2024-04-17,60.196,"['C253000000456403', 'C253000000456247', 'C253000000456408']",3,2024-04-15
C27300,2024-04-17,3.0300000000000002,"['C273000000456403', 'C273000000456247', 'C273000000456408']",3,2024-04-15
C28000,2024-04-17,40.4,"['C280000000456403', 'C280000000456408']",2,2024-04-15
C27350,2024-04-17,40.4,"['C273500000456403', 'C273500000456408']",2,2024-04-15
C22780,2024-04-17,131.3,['C227800000456247'],1,2024-04-15
C20543,2024-04-17,1.01,['C205430000456247'],1,2024-04-15
C28200,2024-04-17,60.6,['C282000000456247'],1,2024-04-15
C28350,2024-04-17,50.5,"['C283500000456403', 'C283500000456408']",2,2024-04-15
C23550,2024-04-17,111.1,"['C235500000456403', 'C235500000456247', 'C235500000456408']",3,2024-04-15
C3900487,2024-04-18,2.04,['C39004870000456504'],1,2024-04-16
C25080,2024-04-18,17.4316,['C250800000456351'],1,2024-04-16
C3900493,2024-04-18,20.4,['C39004930000456504'],1,2024-04-16
C23350,2024-04-18,20.4,['C233500000456504'],1,2024-04-16
C23150,2024-04-18,1.525,"['C231500000456407', 'C231500000456449']",2,2024-04-16
C27046,2024-04-18,2.04,['C270460000456449'],1,2024-04-16
C3900799,2024-04-18,169.32,['C39007990000456504'],1,2024-04-16
C28350,2024-04-18,25.25,['C283500000456407'],1,2024-04-16
C24250,2024-04-18,40.4,['C242500000456407'],1,2024-04-16
C3900702,2024-04-18,20.4,['C39007020000456504'],1,2024-04-16
C24267,2024-04-18,11.22,['C242670000456407'],1,2024-04-16
C23550,2024-04-18,132.4313,"['C235500000456351', 'C235500000456407', 'C235500000456449']",3,2024-04-16
C3902520,2024-04-18,2.04,['C39025200000456504'],1,2024-04-16
C27350,2024-04-18,61.0,"['C273500000456407', 'C273500000456449']",2,2024-04-16
C3902403,2024-04-18,40.8,['C39024030000456504'],1,2024-04-16
C21020,2024-04-18,35.7,['C210200000456449'],1,2024-04-16
C27300,2024-04-18,1.01,['C273000000456407'],1,2024-04-16
C28485,2024-04-18,102.0,['C284850000456504'],1,2024-04-16
C3901128,2024-04-18,2.04,['C39011280000456504'],1,2024-04-16
C27068,2024-04-18,14.28,['C270680000456504'],1,2024-04-16
C28500,2024-04-18,2.856,['C285000000456504'],1,2024-04-16
C21535,2024-04-18,2.02,['C215350000456407'],1,2024-04-16
C3900504,2024-04-18,86.7,['C39005040000456504'],1,2024-04-16
C24180,2024-04-18,1288.5651,['C241800000456351'],1,2024-04-16
C3900504,2024-04-19,86.7,['C39005040000456505'],1,2024-04-17
C21005,2024-04-19,33.966,['C210050000456188'],1,2024-04-17
C28000,2024-04-19,20.2,['C280000000456406'],1,2024-04-17
C27850,2024-04-19,0.2142,['C278500000456188'],1,2024-04-17
C21020,2024-04-19,141.4,['C210200000456358'],1,2024-04-17
C27350,2024-04-19,222.59999999999997,"['C273500000456406', 'C273500000456358', 'C273500000456188']",3,2024-04-17
C3902569,2024-04-19,153.0,['C39025690000456505'],1,2024-04-17
C27300,2024-04-19,1.01,['C273000000456406'],1,2024-04-17
C3900702,2024-04-19,20.4,['C39007020000456505'],1,2024-04-17
C28500,2024-04-19,2.856,['C285000000456505'],1,2024-04-17
C3902403,2024-04-19,40.8,['C39024030000456505'],1,2024-04-17
C21460,2024-04-19,8.16,['C214600000456188'],1,2024-04-17
C27050,2024-04-19,2.04,['C270500000456188'],1,2024-04-17
C27068,2024-04-19,14.28,['C270680000456505'],1,2024-04-17
C28350,2024-04-19,25.25,['C283500000456406'],1,2024-04-17
C21535,2024-04-19,2.02,['C215350000456406'],1,2024-04-17
C20543,2024-04-19,4.04,['C205430000456358'],1,2024-04-17
C3900713,2024-04-19,61.2,['C39007130000456505'],1,2024-04-17
C3900221,2024-04-19,51.0,['C39002210000456505'],1,2024-04-17
C21580,2024-04-19,30.3,['C215800000456406'],1,2024-04-17
C3900493,2024-04-19,20.4,['C39004930000456505'],1,2024-04-17
C27020,2024-04-19,10.1,['C270200000456406'],1,2024-04-17
C20500,2024-04-19,20.4,['C205000000456188'],1,2024-04-17
C27046,2024-04-19,8.08,['C270460000456358'],1,2024-04-17
C21700,2024-04-19,35.35,['C217000000456406'],1,2024-04-17
C20300,2024-04-19,161.6,['C203000000456358'],1,2024-04-17
C25630,2024-04-19,20.2,['C256300000456406'],1,2024-04-17
C21990,2024-04-19,0.505,['C219900000456406'],1,2024-04-17
C22780,2024-04-22,262.6,"['C227800000456245', 'C227800000456246']",2,2024-04-18
C23155,2024-04-22,4.08,['C231550000456493'],1,2024-04-18
C23305,2024-04-22,204.0,['C233050000456503'],1,2024-04-18
C24250,2024-04-22,80.8,"['C242500000456405', 'C242500000456404']",2,2024-04-18
C3902569,2024-04-22,153.0,['C39025690000456503'],1,2024-04-18
C28500,2024-04-22,2.856,['C285000000456503'],1,2024-04-18
C25630,2024-04-22,40.4,"['C256300000456405', 'C256300000456404']",2,2024-04-18
C26490,2024-04-22,70.7,"['C264900000456245', 'C264900000456246']",2,2024-04-18
C28485,2024-04-22,102.0,['C284850000456503'],1,2024-04-18
C27020,2024-04-22,30.3,"['C270200000456405', 'C270200000456245', 'C270200000456404', 'C270200000456246']",4,2024-04-18
C3900713,2024-04-22,61.2,['C39007130000456503'],1,2024-04-18
C27045,2024-04-22,8.16,['C270450000456493'],1,2024-04-18
C25000,2024-04-22,8.08,"['C250000000456405', 'C250000000456245', 'C250000000456404', 'C250000000456246']",4,2024-04-18
C24950,2024-04-22,70.7,"['C249500000456245', 'C249500000456246']",2,2024-04-18
C24267,2024-04-22,22.44,"['C242670000456405', 'C242670000456404']",2,2024-04-18
C3901128,2024-04-22,2.04,['C39011280000456503'],1,2024-04-18
C3900487,2024-04-22,2.04,['C39004870000456503'],1,2024-04-18
C23552,2024-04-22,163.2,['C235520000456493'],1,2024-04-18
C3900799,2024-04-22,169.32,['C39007990000456503'],1,2024-04-18
C23550,2024-04-22,141.4,"['C235500000456405', 'C235500000456245', 'C235500000456404', 'C235500000456246']",4,2024-04-18
C25300,2024-04-22,61.812,"['C253000000456405', 'C253000000456245', 'C253000000456404', 'C253000000456246']",4,2024-04-18
C28200,2024-04-22,121.2,"['C282000000456245', 'C282000000456246']",2,2024-04-18
C3900504,2024-04-22,86.7,['C39005040000456503'],1,2024-04-18
C27068,2024-04-22,14.28,['C270680000456503'],1,2024-04-18
C3900493,2024-04-22,20.4,['C39004930000456503'],1,2024-04-18
C3900702,2024-04-22,20.4,['C39007020000456503'],1,2024-04-18
C3900221,2024-04-22,51.0,['C39002210000456503'],1,2024-04-18
C28000,2024-04-22,40.4,"['C280000000456405', 'C280000000456404']",2,2024-04-18
C28350,2024-04-22,50.5,"['C283500000456405', 'C283500000456404']",2,2024-04-18
C27300,2024-04-22,4.04,"['C273000000456405', 'C273000000456245', 'C273000000456404', 'C273000000456246']",4,2024-04-18
C23330,2024-04-22,102.0,['C233300000456503'],1,2024-04-18
C23350,2024-04-22,20.4,['C233500000456503'],1,2024-04-18
C27350,2024-04-22,40.4,"['C273500000456405', 'C273500000456404']",2,2024-04-18
C27355,2024-04-22,163.2,['C273550000456493'],1,2024-04-18
C3901071,2024-04-24,306.0,"['C39010710000456490', 'C39010710000456488']",2,2024-04-22
C3900715,2024-04-24,20.4,"['C39007150000456490', 'C39007150000456488']",2,2024-04-22
C29998,2024-04-24,6.0,"['C299980000456490', 'C299980000456488']",2,2024-04-22
C3901231,2024-04-24,20.4,"['C39012310000456490', 'C39012310000456488']",2,2024-04-22
C28505,2024-04-24,53.856,"['C285050000456490', 'C285050000456488']",2,2024-04-22
C3901799,2024-04-25,153.0,['C39017990000456489'],1,2024-04-23
C23335,2024-04-25,102.0,['C233350000456489'],1,2024-04-23
C21526,2024-04-25,67.32,['C215260000456252'],1,2024-04-23
C21525,2024-04-25,10.2,['C215250000456489'],1,2024-04-23
C3900702,2024-04-25,20.4,['C39007020000456489'],1,2024-04-23
C3902403,2024-04-25,122.4,['C39024030000456489'],1,2024-04-23
C21180,2024-04-25,51.0,['C211800000456489'],1,2024-04-23
C23350,2024-04-25,102.0,['C233500000456489'],1,2024-04-23
